term,npar,AIC,BIC,logLik,deviance,statistic,df,p.value
acc_cog_min_mod,22,11171.07739339636,11341.615541337149,-5563.53869669818,11127.07739339636,NA,NA,NA
acc_cog_2_mod,24,11134.288154000513,11320.32976993592,-5543.144077000256,11086.288154000513,40.78923939584638,2,1.3890862251998568e-9
