term,npar,AIC,BIC,logLik,deviance,statistic,df,p.value
acc_cog_min_mod,22,11171.07739339636,11341.615541337149,-5563.53869669818,11127.07739339636,NA,NA,NA
acc_cog_2_mod,27,11124.06795584493,11333.364773772262,-5535.033977922465,11070.06795584493,57.00943755142907,5,5.0343567552736485e-11
acc_cog_max_mod,31,11116.981954855824,11357.285708772391,-5527.490977427912,11054.981954855824,15.086000989105742,4,0.0045261291253506945
